{"cameraMode":{"drawMode":0,"name":"Shaded","section":"Shading Mode"},"sceneLighting":true,"audioPlay":false,"sceneViewState":{"m_AlwaysRefresh":false,"showFog":true,"showSkybox":true,"showFlares":true,"showImageEffects":true,"showParticleSystems":true,"showVisualEffectGraphs":true,"m_FxEnabled":true},"in2DMode":false,"pivot":{"x":9.501176834106446,"y":0.538257360458374,"z":-3.723327875137329},"rotation":{"x":0.1819794476032257,"y":-0.004424606915563345,"z":0.000816497893538326,"w":0.9833019375801086},"size":6.178558349609375,"orthographic":false}